{"train/box_loss": 1.58158, "train/cls_loss": 4.74119, "train/dfl_loss": 1.78948, "_timestamp": 1707319968.7636287, "lr/pg0": 0.0099703, "lr/pg1": 0.0099703, "lr/pg2": 0.0099703, "metrics/precision(B)": 0.63406, "metrics/recall(B)": 0.01174, "metrics/mAP50(B)": 0.00974, "metrics/mAP50-95(B)": 0.00438, "val/box_loss": 2.36408, "val/cls_loss": 6.96992, "val/dfl_loss": 2.42172, "labels": {"_type": "image-file", "sha256": "c52ac1610d827deb4de806b5aa530fc53bca91059cef4cc291ad52fd907a48f1", "size": 199400, "path": "media/images/labels_1_c52ac1610d827deb4de8.jpg", "format": "jpg", "width": 1600, "height": 1600}, "train_batch0": {"_type": "image-file", "sha256": "b61a360a81e98f3c8bc020b148ff7e6e9a890ea312566e3d42b2ae83a40daba9", "size": 732432, "path": "media/images/train_batch0_1_b61a360a81e98f3c8bc0.jpg", "format": "jpg", "width": 1920, "height": 1920}, "train_batch1": {"_type": "image-file", "sha256": "6bc87a9a8c80b732c3e3c685fd9860adba8d20a01ebac0118b4fdbf54f3e337a", "size": 755125, "path": "media/images/train_batch1_1_6bc87a9a8c80b732c3e3.jpg", "format": "jpg", "width": 1920, "height": 1920}, "train_batch2": {"_type": "image-file", "sha256": "bac67b95ae67221ec7d0181f170f5154d1c74362a56bfd82c9f9c1e3c105ff05", "size": 738433, "path": "media/images/train_batch2_1_bac67b95ae67221ec7d0.jpg", "format": "jpg", "width": 1920, "height": 1920}, "model/parameters": 3346140, "model/GFLOPs": 9.723, "model/speed_PyTorch(ms)": 0.657, "_runtime": 82.51006269454956, "_step": 4, "_wandb": {"runtime": 87}}